Date,0
2019-07-26 00:00:00+05:30,0.003114687005076335
2019-07-29 00:00:00+05:30,-0.004563559893115669
2019-07-30 00:00:00+05:30,-0.021188200420694272
2019-07-31 00:00:00+05:30,0.00611460628539339
2019-08-01 00:00:00+05:30,-0.026613882274872935
2019-08-02 00:00:00+05:30,-0.0015599331388337
2019-08-05 00:00:00+05:30,-0.016808596582459107
2019-08-06 00:00:00+05:30,0.003483511239563179
2019-08-07 00:00:00+05:30,-0.020203849069973544
2019-08-08 00:00:00+05:30,0.015101948515685484
2019-08-09 00:00:00+05:30,-0.00035512198451915437
2019-08-13 00:00:00+05:30,-0.017465057006313726
2019-08-14 00:00:00+05:30,0.014154597661367008
2019-08-16 00:00:00+05:30,-0.000972692992247704
2019-08-19 00:00:00+05:30,0.0044072801868491945
2019-08-20 00:00:00+05:30,0.0020130864386114153
2019-08-21 00:00:00+05:30,-0.021447808745042554
2019-08-22 00:00:00+05:30,-0.015942209265111973
2019-08-23 00:00:00+05:30,0.007792949416097551
2019-08-26 00:00:00+05:30,0.020307816392332284
2019-08-27 00:00:00+05:30,0.014599061234918862
2019-08-28 00:00:00+05:30,-0.001237962757105292
2019-08-29 00:00:00+05:30,-0.01046454968217729
2019-08-30 00:00:00+05:30,0.00944697656758639
2019-09-03 00:00:00+05:30,-0.016357042495481904
2019-09-04 00:00:00+05:30,0.0054149099756305675
2019-09-05 00:00:00+05:30,0.016069122474334785
2019-09-06 00:00:00+05:30,0.011908258879474264
2019-09-09 00:00:00+05:30,0.01129539565193306
2019-09-11 00:00:00+05:30,0.016287789204844846
2019-09-12 00:00:00+05:30,-0.005947167843888023
2019-09-13 00:00:00+05:30,0.01416500563664655
2019-09-16 00:00:00+05:30,-0.00280229862373926
2019-09-17 00:00:00+05:30,-0.018317569845107344
2019-09-18 00:00:00+05:30,0.008700894215483883
2019-09-19 00:00:00+05:30,-0.006630208335325721
2019-09-20 00:00:00+05:30,0.04860126174066974
2019-09-23 00:00:00+05:30,0.01001210020865299
2019-09-24 00:00:00+05:30,0.0021135812915031617
2019-09-25 00:00:00+05:30,-0.024225537700773545
2019-09-26 00:00:00+05:30,-0.0013424241631991836
2019-09-27 00:00:00+05:30,-0.00897220451631135
2019-09-30 00:00:00+05:30,-0.012989705505646428
2019-10-01 00:00:00+05:30,-0.023077812164849585
2019-10-03 00:00:00+05:30,0.003384862561552152
2019-10-04 00:00:00+05:30,-0.008000064378131944
2019-10-07 00:00:00+05:30,-0.008089989147478159
2019-10-09 00:00:00+05:30,0.014395286775900018
2019-10-10 00:00:00+05:30,-0.01007210377753485
2019-10-11 00:00:00+05:30,0.0200036792989396
2019-10-14 00:00:00+05:30,-0.003941848961563314
2019-10-15 00:00:00+05:30,-3.8349002459514385e-05
2019-10-16 00:00:00+05:30,-0.004051259787096353
2019-10-17 00:00:00+05:30,0.028018164780323505
2019-10-18 00:00:00+05:30,0.0017763334328484287
2019-10-22 00:00:00+05:30,-0.040165378437249565
2019-10-23 00:00:00+05:30,0.011969964066815084
2019-10-24 00:00:00+05:30,-0.01438723251891209
2019-10-25 00:00:00+05:30,0.011784033043731348
2019-10-27 00:00:00+05:30,0.0302748022448854
2019-10-29 00:00:00+05:30,0.030335728833235487
2019-10-30 00:00:00+05:30,0.014637893676619572
2019-10-31 00:00:00+05:30,0.032017376641405054
2019-11-01 00:00:00+05:30,0.0022018038943305606
2019-11-04 00:00:00+05:30,0.005577705570934423
2019-11-05 00:00:00+05:30,-0.0009584996280918735
2019-11-06 00:00:00+05:30,0.004513071805654906
2019-11-07 00:00:00+05:30,-0.001383905653027292
2019-11-08 00:00:00+05:30,-0.00774026707022983
2019-11-11 00:00:00+05:30,0.0009853575911742277
2019-11-13 00:00:00+05:30,-0.012029299591506639
2019-11-14 00:00:00+05:30,0.00039287426576147064
2019-11-15 00:00:00+05:30,0.010338951406534725
2019-11-18 00:00:00+05:30,0.0030314811098447044
2019-11-19 00:00:00+05:30,0.004479303000971432
2019-11-20 00:00:00+05:30,0.0014285081521717075
2019-11-21 00:00:00+05:30,-0.0023169222082444745
2019-11-22 00:00:00+05:30,-0.0046355461583149704
2019-11-25 00:00:00+05:30,0.007601664974672472
2019-11-26 00:00:00+05:30,-0.00935324180425179
2019-11-27 00:00:00+05:30,0.012787852985245981
2019-11-28 00:00:00+05:30,0.006264262596984208
2019-11-29 00:00:00+05:30,-0.01009227214422733
2019-12-02 00:00:00+05:30,-0.0025630584894063323
2019-12-03 00:00:00+05:30,-0.0044629071768013725
2019-12-04 00:00:00+05:30,0.018057451967142618
2019-12-05 00:00:00+05:30,-0.005696260780245762
2019-12-06 00:00:00+05:30,-0.020366477998383425
2019-12-09 00:00:00+05:30,-0.007304056789656404
2019-12-10 00:00:00+05:30,-0.008656804775508266
2019-12-11 00:00:00+05:30,0.005606303375035278
2019-12-12 00:00:00+05:30,0.01659191755311222
2019-12-13 00:00:00+05:30,0.015465801034947525
2019-12-16 00:00:00+05:30,-0.0021284001360224523
2019-12-17 00:00:00+05:30,0.017237766758324852
2019-12-18 00:00:00+05:30,-0.006239984473171105
2019-12-19 00:00:00+05:30,0.0038878391741372087
2019-12-20 00:00:00+05:30,0.0029448349777636226
2019-12-23 00:00:00+05:30,-0.001452720260740741
2019-12-24 00:00:00+05:30,-0.00459127108594767
2019-12-26 00:00:00+05:30,-0.00150689227559831
2019-12-27 00:00:00+05:30,0.01065152148071731
2019-12-30 00:00:00+05:30,0.003013987480963691
2019-12-31 00:00:00+05:30,-0.0034310391632262492
2020-01-01 00:00:00+05:30,0.0025994848513304003
2020-01-02 00:00:00+05:30,0.009317863571896248
2020-01-03 00:00:00+05:30,-0.0006838195223305031
2020-01-06 00:00:00+05:30,-0.024726838875538407
2020-01-07 00:00:00+05:30,-0.0021521295154724356
2020-01-08 00:00:00+05:30,-0.0032210188133972462
2020-01-09 00:00:00+05:30,0.023058971343600854
2020-01-10 00:00:00+05:30,0.011275811849374776
2020-01-13 00:00:00+05:30,0.024839028158397416
2020-01-14 00:00:00+05:30,0.006991882854143798
2020-01-15 00:00:00+05:30,-0.000711791012009209
2020-01-16 00:00:00+05:30,-0.0008814019568678926
2020-01-17 00:00:00+05:30,-0.003918326405393398
2020-01-20 00:00:00+05:30,-0.010823049894105083
2020-01-21 00:00:00+05:30,1.7132914226703454e-05
2020-01-22 00:00:00+05:30,-0.004067959241684166
2020-01-23 00:00:00+05:30,0.013479680743061648
2020-01-24 00:00:00+05:30,0.0023093413598264355
2020-01-27 00:00:00+05:30,-0.013151009136748179
2020-01-28 00:00:00+05:30,-0.007884252261588258
2020-01-29 00:00:00+05:30,0.016180890073020766
2020-01-30 00:00:00+05:30,-0.006128452502753266
2020-01-31 00:00:00+05:30,-0.0009536687006046075
2020-02-03 00:00:00+05:30,-0.02994231765720998
2020-02-04 00:00:00+05:30,0.01677109146101663
2020-02-05 00:00:00+05:30,0.025547994393046215
2020-02-06 00:00:00+05:30,0.0038969139211012206
2020-02-07 00:00:00+05:30,-0.0042529734970987105
2020-02-10 00:00:00+05:30,0.0021381492250789544
2020-02-11 00:00:00+05:30,0.0018154486286558421
2020-02-12 00:00:00+05:30,0.0018029186430910983
2020-02-13 00:00:00+05:30,0.008854073607336817
2020-02-14 00:00:00+05:30,-0.01677669484902626
2020-02-17 00:00:00+05:30,-0.01329766533331224
2020-02-18 00:00:00+05:30,-0.002585088009411632
2020-02-19 00:00:00+05:30,0.010443762973392189
2020-02-20 00:00:00+05:30,0.0063591217446050995
2020-02-24 00:00:00+05:30,-0.018725498001362365
2020-02-25 00:00:00+05:30,0.0012895840451779869
2020-02-26 00:00:00+05:30,-0.011275467390084778
2020-02-27 00:00:00+05:30,-0.0035251531635873247
2020-02-28 00:00:00+05:30,-0.05824315148128291
2020-03-02 00:00:00+05:30,-0.023759566506112176
2020-03-03 00:00:00+05:30,0.010628813319004043
2020-03-04 00:00:00+05:30,-0.00951595609982157
2020-03-05 00:00:00+05:30,0.006152656008105502
2020-03-06 00:00:00+05:30,-0.04055030549760033
2020-03-09 00:00:00+05:30,-0.053082882103390114
2020-03-11 00:00:00+05:30,-0.02422522401118931
2020-03-12 00:00:00+05:30,-0.09131305157534117
2020-03-13 00:00:00+05:30,0.04956786883902688
2020-03-16 00:00:00+05:30,-0.05998625297719887
2020-03-17 00:00:00+05:30,-0.028123614654949957
2020-03-18 00:00:00+05:30,-0.03130045219673919
2020-03-19 00:00:00+05:30,-0.02311679512135674
2020-03-20 00:00:00+05:30,0.047734975648619365
2020-03-23 00:00:00+05:30,-0.11097767884969445
2020-03-24 00:00:00+05:30,0.0278912347892395
2020-03-25 00:00:00+05:30,0.026366703731213963
2020-03-26 00:00:00+05:30,0.0342062337463339
2020-03-27 00:00:00+05:30,0.02077647725380424
2020-03-30 00:00:00+05:30,-0.030545298897437043
2020-03-31 00:00:00+05:30,0.033565550169223496
2020-04-01 00:00:00+05:30,-0.03932345964015375
2020-04-03 00:00:00+05:30,-0.03189727009024782
2020-04-07 00:00:00+05:30,0.05881831416076989
2020-04-08 00:00:00+05:30,0.0038545932531797197
2020-04-09 00:00:00+05:30,0.03321134344400076
2020-04-13 00:00:00+05:30,-0.010397445541328331
2020-04-15 00:00:00+05:30,-0.006882934090261112
2020-04-16 00:00:00+05:30,0.004660533644610824
2020-04-17 00:00:00+05:30,0.0159721153501857
2020-04-20 00:00:00+05:30,0.020597380487340732
2020-04-21 00:00:00+05:30,-0.033416520395871174
2020-04-22 00:00:00+05:30,0.013956484517464845
2020-04-23 00:00:00+05:30,0.013713927849740914
2020-04-24 00:00:00+05:30,-0.026271121972583716
2020-04-27 00:00:00+05:30,0.006379754913598205
2020-04-28 00:00:00+05:30,0.0038765594427908343
2020-04-29 00:00:00+05:30,0.018271963018374443
2020-04-30 00:00:00+05:30,0.04511757571901881
2020-05-04 00:00:00+05:30,-0.057400781086144964
2020-05-05 00:00:00+05:30,-0.023398000110009188
2020-05-06 00:00:00+05:30,-0.0005944781115900743
2020-05-07 00:00:00+05:30,-0.003375225874144742
2020-05-08 00:00:00+05:30,-0.0036950826469293887
2020-05-11 00:00:00+05:30,0.008699332631434038
2020-05-12 00:00:00+05:30,0.0037163841277566357
2020-05-13 00:00:00+05:30,0.026184258331921176
2020-05-14 00:00:00+05:30,-0.029694257939740953
2020-05-15 00:00:00+05:30,0.0019879637872502066
2020-05-18 00:00:00+05:30,-0.018826654018302393
2020-05-19 00:00:00+05:30,-0.001002545052388682
2020-05-20 00:00:00+05:30,0.010304791791204734
2020-05-21 00:00:00+05:30,0.0011222472905390132
2020-05-22 00:00:00+05:30,0.0007601326253916085
2020-05-26 00:00:00+05:30,-0.004685129963444269
2020-05-27 00:00:00+05:30,0.01933988053429996
2020-05-28 00:00:00+05:30,0.018001242047622705
2020-05-29 00:00:00+05:30,0.0044554266633380565
2020-06-01 00:00:00+05:30,0.03538777973729255
2020-06-02 00:00:00+05:30,0.03039824052765963
2020-06-03 00:00:00+05:30,0.013693809721468263
2020-06-04 00:00:00+05:30,0.01001678805083651
2020-06-05 00:00:00+05:30,0.04943184226527214
2020-06-08 00:00:00+05:30,0.012177292253007522
2020-06-09 00:00:00+05:30,-0.015102202417159651
2020-06-10 00:00:00+05:30,0.0005622585151274112
2020-06-11 00:00:00+05:30,-0.027462350294894203
2020-06-12 00:00:00+05:30,-0.003240080637020624
2020-06-15 00:00:00+05:30,-0.013619657962401764
2020-06-16 00:00:00+05:30,0.004946099687155986
2020-06-17 00:00:00+05:30,-0.0008149847492457856
2020-06-18 00:00:00+05:30,0.015397966480898856
2020-06-19 00:00:00+05:30,0.01393263501579649
2020-06-22 00:00:00+05:30,0.005595931111860623
2020-06-23 00:00:00+05:30,0.01843844356731554
2020-06-24 00:00:00+05:30,-0.014368210203490304
2020-06-25 00:00:00+05:30,0.008047689689344963
2020-06-26 00:00:00+05:30,0.011505933236014374
2020-06-29 00:00:00+05:30,-0.015158868496015401
2020-06-30 00:00:00+05:30,0.0037302047303859652
2020-07-01 00:00:00+05:30,0.011115757865296078
2020-07-02 00:00:00+05:30,0.019266057282782287
2020-07-03 00:00:00+05:30,0.015274377504628182
2020-07-06 00:00:00+05:30,0.02778529622179136
2020-07-07 00:00:00+05:30,0.013922495440149509
2020-07-08 00:00:00+05:30,-0.012370889573693403
2020-07-09 00:00:00+05:30,0.00989114078085258
2020-07-10 00:00:00+05:30,-0.005300227108465091
2020-07-13 00:00:00+05:30,-0.006051401955178865
2020-07-14 00:00:00+05:30,-0.024867279352816234
2020-07-15 00:00:00+05:30,0.004979286102096796
2020-07-16 00:00:00+05:30,0.015307605652063115
2020-07-17 00:00:00+05:30,0.017592397030462417
2020-07-20 00:00:00+05:30,0.013601369016033434
2020-07-21 00:00:00+05:30,0.008523356508744733
2020-07-22 00:00:00+05:30,-0.01012935337950479
2020-07-23 00:00:00+05:30,0.008833911261047066
2020-07-24 00:00:00+05:30,-0.014555200687281427
2020-07-27 00:00:00+05:30,-0.006820494817418181
2020-07-28 00:00:00+05:30,0.016202778210375884
2020-07-29 00:00:00+05:30,0.0029243127552219437
2020-07-30 00:00:00+05:30,-0.012660800312551781
2020-07-31 00:00:00+05:30,0.00868571350095709
2020-08-03 00:00:00+05:30,0.013742234665507884
2020-08-04 00:00:00+05:30,0.006986479868585605
2020-08-05 00:00:00+05:30,0.004189023684897678
2020-08-06 00:00:00+05:30,0.009054466044575429
2020-08-07 00:00:00+05:30,-0.0013606761459942895
2020-08-10 00:00:00+05:30,0.020118308395821256
2020-08-11 00:00:00+05:30,-0.002317922447919355
2020-08-12 00:00:00+05:30,0.025051016754602074
2020-08-13 00:00:00+05:30,0.026364111293740018
2020-08-14 00:00:00+05:30,-0.01453154762810459
2020-08-17 00:00:00+05:30,-0.005261241709994762
2020-08-18 00:00:00+05:30,0.014560386145950427
2020-08-19 00:00:00+05:30,0.0025139465835109223
2020-08-20 00:00:00+05:30,-0.008089093315514679
2020-08-21 00:00:00+05:30,0.005304826116725297
2020-08-24 00:00:00+05:30,0.0007338348246455836
2020-08-25 00:00:00+05:30,0.012518730202253452
2020-08-26 00:00:00+05:30,0.024942657719163062
2020-08-27 00:00:00+05:30,-0.0058924264709315
2020-08-28 00:00:00+05:30,0.0017218754710144582
2020-08-31 00:00:00+05:30,-0.03319488185974602
2020-09-01 00:00:00+05:30,-0.0004112474151885038
2020-09-02 00:00:00+05:30,0.007187656742329893
2020-09-03 00:00:00+05:30,0.007987214952425617
2020-09-04 00:00:00+05:30,-0.020796613261615377
2020-09-07 00:00:00+05:30,0.0011701435102157414
2020-09-08 00:00:00+05:30,-0.012466850037220454
2020-09-09 00:00:00+05:30,-0.02125396525520319
2020-09-10 00:00:00+05:30,0.016246162744679524
2020-09-11 00:00:00+05:30,0.009041301361260566
2020-09-14 00:00:00+05:30,0.004283025172794804
2020-09-15 00:00:00+05:30,0.00395500786401529
2020-09-16 00:00:00+05:30,0.003443325336459543
2020-09-17 00:00:00+05:30,-0.0055964727372002695
2020-09-18 00:00:00+05:30,-0.004447177652634381
2020-09-21 00:00:00+05:30,-0.02918871634068698
2020-09-22 00:00:00+05:30,-0.013231529407928759
2020-09-23 00:00:00+05:30,0.00014303661938828332
2020-09-24 00:00:00+05:30,-0.033634190633560525
2020-09-25 00:00:00+05:30,0.027555688823403528
2020-09-28 00:00:00+05:30,0.017025180205983995
2020-09-29 00:00:00+05:30,-0.002066149079843686
2020-09-30 00:00:00+05:30,0.007861855097992735
2020-10-01 00:00:00+05:30,0.009374684409401176
2020-10-05 00:00:00+05:30,0.0033999212364084703
2020-10-06 00:00:00+05:30,0.015893035911889744
2020-10-07 00:00:00+05:30,-0.003330389094106949
2020-10-08 00:00:00+05:30,0.004655048213649329
2020-10-09 00:00:00+05:30,0.00604595802377045
2020-10-12 00:00:00+05:30,-0.002824988207726231
2020-10-13 00:00:00+05:30,-0.0019168737192339922
2020-10-14 00:00:00+05:30,-0.0012142337517968937
2020-10-15 00:00:00+05:30,-0.023548172874926592
2020-10-16 00:00:00+05:30,0.015662741225633388
2020-10-19 00:00:00+05:30,0.017948490094313103
2020-10-20 00:00:00+05:30,0.0008794077428377167
2020-10-21 00:00:00+05:30,-0.003033877944941551
2020-10-22 00:00:00+05:30,0.004667164580439758
2020-10-23 00:00:00+05:30,0.00697217385758283
2020-10-26 00:00:00+05:30,-0.014310032583259674
2020-10-27 00:00:00+05:30,-0.003755179464036482
2020-10-28 00:00:00+05:30,-0.007695884296849528
2020-10-29 00:00:00+05:30,-0.005074617001422572
2020-10-30 00:00:00+05:30,-0.005053863339185368
2020-11-02 00:00:00+05:30,0.007180291664095772
2020-11-03 00:00:00+05:30,0.011512613974833164
2020-11-04 00:00:00+05:30,0.013934961138682443
2020-11-05 00:00:00+05:30,0.025901653777076004
2020-11-06 00:00:00+05:30,0.004183065709705628
2020-11-09 00:00:00+05:30,0.011960693434309116
2020-11-10 00:00:00+05:30,0.011891478826511594
2020-11-11 00:00:00+05:30,0.01741383775896902
2020-11-12 00:00:00+05:30,-0.0067767186336242895
2020-11-13 00:00:00+05:30,0.00021735949577227336
2020-11-14 00:00:00+05:30,0.008328795680314267
2020-11-17 00:00:00+05:30,0.02107963861533614
2020-11-18 00:00:00+05:30,0.019584060330341956
2020-11-19 00:00:00+05:30,-0.0185230444306579
2020-11-20 00:00:00+05:30,0.003628245833857657
2020-11-23 00:00:00+05:30,0.006685829074595334
2020-11-24 00:00:00+05:30,0.010401505286458628
2020-11-25 00:00:00+05:30,-0.006055849725640369
2020-11-26 00:00:00+05:30,0.005347267860983938
2020-11-27 00:00:00+05:30,0.0014992981174116386
2020-12-01 00:00:00+05:30,0.023181602633839025
2020-12-02 00:00:00+05:30,0.004293730129915527
2020-12-03 00:00:00+05:30,0.012579827311601127
2020-12-04 00:00:00+05:30,0.008731482359532633
2020-12-07 00:00:00+05:30,0.017000679559362915
2020-12-08 00:00:00+05:30,0.008641710004251308
2020-12-09 00:00:00+05:30,0.005413140072922673
2020-12-10 00:00:00+05:30,-0.008313035981814008
2020-12-11 00:00:00+05:30,0.004267224091100878
2020-12-14 00:00:00+05:30,0.002851533027099323
2020-12-15 00:00:00+05:30,-0.004604671775399949
2020-12-16 00:00:00+05:30,0.006299224391221124
2020-12-17 00:00:00+05:30,-0.007695741743498517
2020-12-18 00:00:00+05:30,0.01605344840169637
2020-12-21 00:00:00+05:30,-0.04527385362176022
2020-12-22 00:00:00+05:30,0.009678982784307694
2020-12-23 00:00:00+05:30,0.020297454278624488
2020-12-24 00:00:00+05:30,0.007415071967965692
2020-12-28 00:00:00+05:30,0.019663116994469813
2020-12-29 00:00:00+05:30,0.002776099853523258
2020-12-30 00:00:00+05:30,-0.0024041004519600264
2020-12-31 00:00:00+05:30,0.006754236513401249
2021-01-01 00:00:00+05:30,0.011595684183483767
2021-01-04 00:00:00+05:30,0.019929021455947882
2021-01-05 00:00:00+05:30,0.014018281157871052
2021-01-06 00:00:00+05:30,0.0023879540458023505
2021-01-07 00:00:00+05:30,-0.000571051702539438
2021-01-08 00:00:00+05:30,0.010693895959880108
2021-01-11 00:00:00+05:30,0.022782729324007087
2021-01-12 00:00:00+05:30,0.01864364800093387
2021-01-13 00:00:00+05:30,0.016084201934151127
2021-01-14 00:00:00+05:30,0.006862400087817542
2021-01-15 00:00:00+05:30,-0.008917911104814305
2021-01-18 00:00:00+05:30,-0.027454524976591555
2021-01-19 00:00:00+05:30,0.015541211617034131
2021-01-20 00:00:00+05:30,0.014718649990957922
2021-01-21 00:00:00+05:30,-0.0011764719483680812
2021-01-22 00:00:00+05:30,-0.009444957529730286
2021-01-25 00:00:00+05:30,-0.012795354740750609
2021-01-27 00:00:00+05:30,-0.020974439458508014
2021-01-28 00:00:00+05:30,0.0027505340363264087
2021-01-29 00:00:00+05:30,-0.01578717975713141
2021-02-01 00:00:00+05:30,0.05001835403644538
2021-02-02 00:00:00+05:30,0.04655139552599608
2021-02-03 00:00:00+05:30,0.012017937178180317
2021-02-04 00:00:00+05:30,0.020259127936929095
2021-02-05 00:00:00+05:30,0.019999591425247525
2021-02-08 00:00:00+05:30,0.022441298500189787
2021-02-09 00:00:00+05:30,-0.009628768952039223
2021-02-10 00:00:00+05:30,-0.001068880682277111
2021-02-11 00:00:00+05:30,-0.0049536770508032645
2021-02-12 00:00:00+05:30,0.006666317262405225
2021-02-15 00:00:00+05:30,0.016275372953152883
2021-02-16 00:00:00+05:30,-0.004556631746806618
2021-02-17 00:00:00+05:30,0.011470339894498739
2021-02-18 00:00:00+05:30,0.004272771861863979
2021-02-19 00:00:00+05:30,-0.01675811613735139
2021-02-22 00:00:00+05:30,-0.021455291032974395
2021-02-23 00:00:00+05:30,0.01659872286312352
2021-02-24 00:00:00+05:30,0.012092272978951796
2021-02-25 00:00:00+05:30,0.008588751351736987
2021-02-26 00:00:00+05:30,-0.02350754415898926
2021-03-01 00:00:00+05:30,0.006420821056675442
2021-03-02 00:00:00+05:30,0.023653289489102586
2021-03-03 00:00:00+05:30,0.026033543585338593
2021-03-04 00:00:00+05:30,-0.00891714364941524
2021-03-05 00:00:00+05:30,-0.01657343257717259
2021-03-08 00:00:00+05:30,0.0037943819842781623
2021-03-09 00:00:00+05:30,-0.001083087921458735
2021-03-10 00:00:00+05:30,0.008818946760001983
2021-03-12 00:00:00+05:30,-0.0009727998553142752
2021-03-15 00:00:00+05:30,-0.005977949782603997
2021-03-16 00:00:00+05:30,0.002211508081749975
2021-03-17 00:00:00+05:30,-0.02166241870525775
2021-03-18 00:00:00+05:30,-0.013246094172312097
2021-03-19 00:00:00+05:30,0.008657107733471059
2021-03-22 00:00:00+05:30,-0.0017655180671659549
2021-03-23 00:00:00+05:30,0.00963813788745931
2021-03-24 00:00:00+05:30,-0.023708345478321166
2021-03-25 00:00:00+05:30,-0.017148784423731692
2021-03-26 00:00:00+05:30,0.013868570007851784
2021-03-30 00:00:00+05:30,0.013601056629005188
2021-03-31 00:00:00+05:30,0.0008101845502988684
2021-04-01 00:00:00+05:30,0.017818089105118215
2021-04-05 00:00:00+05:30,-0.016640714289713213
2021-04-06 00:00:00+05:30,0.0016163597878281867
2021-04-07 00:00:00+05:30,0.014355210092238883
2021-04-08 00:00:00+05:30,0.0038281244420941157
2021-04-09 00:00:00+05:30,-0.0005106211972604971
2021-04-12 00:00:00+05:30,-0.05287004895182234
2021-04-13 00:00:00+05:30,0.017499609253062286
2021-04-15 00:00:00+05:30,-0.0013765262676757256
2021-04-16 00:00:00+05:30,0.00029276648377655817
2021-04-19 00:00:00+05:30,-0.019078841584651597
2021-04-20 00:00:00+05:30,-0.004886794090333447
2021-04-22 00:00:00+05:30,0.002340796861335431
2021-04-23 00:00:00+05:30,-0.000992327830638047
2021-04-26 00:00:00+05:30,0.013522562561360963
2021-04-27 00:00:00+05:30,0.012374475148284013
2021-04-28 00:00:00+05:30,0.019061498336773054
2021-04-29 00:00:00+05:30,-0.009355247800527794
2021-04-30 00:00:00+05:30,-0.01039562723316142
2021-05-03 00:00:00+05:30,0.0004029330864086978
2021-05-04 00:00:00+05:30,-0.006488469533685598
2021-05-05 00:00:00+05:30,0.009925245655376305
2021-05-06 00:00:00+05:30,0.010398563634083237
2021-05-07 00:00:00+05:30,0.0003668421093967523
2021-05-10 00:00:00+05:30,0.008325066084989268
2021-05-11 00:00:00+05:30,0.006674332164201937
2021-05-12 00:00:00+05:30,0.0055147057741292286
2021-05-14 00:00:00+05:30,-0.015381916158130955
2021-05-17 00:00:00+05:30,0.028929837426400037
2021-05-18 00:00:00+05:30,0.012989338390384509
2021-05-19 00:00:00+05:30,-0.0059061191032642206
2021-05-20 00:00:00+05:30,-0.003454829640991839
2021-05-21 00:00:00+05:30,0.01983339767454754
2021-05-24 00:00:00+05:30,0.008391386492889416
2021-05-25 00:00:00+05:30,0.006576602185050779
2021-05-26 00:00:00+05:30,0.007850924972597751
2021-05-27 00:00:00+05:30,0.006986151928748572
2021-05-28 00:00:00+05:30,-0.00313791194260483
2021-05-31 00:00:00+05:30,0.003971685866188173
2021-06-01 00:00:00+05:30,0.0011793717545084393
2021-06-02 00:00:00+05:30,0.007366897630802886
2021-06-03 00:00:00+05:30,0.012542459988603052
2021-06-04 00:00:00+05:30,0.0019054626464085885
2021-06-07 00:00:00+05:30,0.006737837335107176
2021-06-08 00:00:00+05:30,0.005920596271760864
2021-06-09 00:00:00+05:30,-0.005824795150474873
2021-06-10 00:00:00+05:30,0.010666654217313337
2021-06-11 00:00:00+05:30,0.004328677755747612
2021-06-14 00:00:00+05:30,0.007086733042134651
2021-06-15 00:00:00+05:30,0.003265754347845129
2021-06-16 00:00:00+05:30,-0.0029035165382089454
2021-06-17 00:00:00+05:30,-0.0033843982071614658
2021-06-18 00:00:00+05:30,-0.007979696733442183
2021-06-21 00:00:00+05:30,0.004038688336123773
2021-06-22 00:00:00+05:30,0.00330166090553226
2021-06-23 00:00:00+05:30,-0.0013730001568964304
2021-06-24 00:00:00+05:30,0.007220943650477039
2021-06-25 00:00:00+05:30,0.012035730341550978
2021-06-28 00:00:00+05:30,0.0018527753639784276
2021-06-29 00:00:00+05:30,-0.007264104144963623
2021-06-30 00:00:00+05:30,0.0022426042529792713
2021-07-01 00:00:00+05:30,-0.0016714695344006432
2021-07-02 00:00:00+05:30,0.008973038393990449
2021-07-05 00:00:00+05:30,0.01140022523642146
2021-07-06 00:00:00+05:30,-0.013834059196220438
2021-07-07 00:00:00+05:30,0.004399114757137612
2021-07-08 00:00:00+05:30,-0.005509346087306741
2021-07-09 00:00:00+05:30,-0.0019817713806569693
2021-07-12 00:00:00+05:30,-0.0018867166626609015
2021-07-13 00:00:00+05:30,-0.00027832344228888116
2021-07-14 00:00:00+05:30,0.0055536484241942565
2021-07-15 00:00:00+05:30,0.0003049331219576889
2021-07-16 00:00:00+05:30,-0.0049089510583908095
2021-07-19 00:00:00+05:30,-0.002743407667405335
2021-07-20 00:00:00+05:30,-0.0047875018430955625
2021-07-22 00:00:00+05:30,0.011018858112159705
2021-07-23 00:00:00+05:30,0.0007158804303094322
2021-07-26 00:00:00+05:30,0.0011694786401551245
2021-07-27 00:00:00+05:30,0.0009466874372097438
2021-07-28 00:00:00+05:30,-0.007107648656336439
2021-07-29 00:00:00+05:30,0.017037290313071773
2021-07-30 00:00:00+05:30,-0.0036200392533634806
2021-08-02 00:00:00+05:30,0.00798753839958929
2021-08-03 00:00:00+05:30,0.015639573045220966
2021-08-04 00:00:00+05:30,-0.00019592378207257844
2021-08-05 00:00:00+05:30,-0.00732422351535027
2021-08-06 00:00:00+05:30,-0.004767355458185863
2021-08-09 00:00:00+05:30,-9.027643903106392e-05
2021-08-10 00:00:00+05:30,-0.002443151346425612
2021-08-11 00:00:00+05:30,0.001497281270883183
2021-08-12 00:00:00+05:30,0.00830856603571224
2021-08-13 00:00:00+05:30,0.007492025062796136
2021-08-16 00:00:00+05:30,-0.005819330297272251
2021-08-17 00:00:00+05:30,0.0006528399383511716
2021-08-18 00:00:00+05:30,0.0010737649746080363
2021-08-20 00:00:00+05:30,-0.013889064331851662
2021-08-23 00:00:00+05:30,-0.003559416255681184
2021-08-24 00:00:00+05:30,0.00847851463098824
2021-08-25 00:00:00+05:30,0.01543043487631504
2021-08-26 00:00:00+05:30,0.0007827610982890504
2021-08-27 00:00:00+05:30,0.008393083707870404
2021-08-30 00:00:00+05:30,0.014024624982729291
2021-08-31 00:00:00+05:30,0.002078539922578834
2021-09-01 00:00:00+05:30,0.002831872732879775
2021-09-02 00:00:00+05:30,0.0036827610631517712
2021-09-03 00:00:00+05:30,0.004891631319531028
2021-09-06 00:00:00+05:30,0.003215253307760164
2021-09-07 00:00:00+05:30,-0.002774327766602061
2021-09-08 00:00:00+05:30,-0.0014013069208306276
2021-09-09 00:00:00+05:30,0.002986864389699378
2021-09-13 00:00:00+05:30,0.006027713628024122
2021-09-14 00:00:00+05:30,0.0031381386137996005
2021-09-15 00:00:00+05:30,0.01402728609522098
2021-09-16 00:00:00+05:30,0.016559636792082368
2021-09-17 00:00:00+05:30,-0.0072101903736886954
2021-09-20 00:00:00+05:30,-0.018093589007822253
2021-09-21 00:00:00+05:30,0.008662905020452832
2021-09-22 00:00:00+05:30,0.00402895349075769
2021-09-23 00:00:00+05:30,0.018795361216363455
2021-09-24 00:00:00+05:30,-0.004868985209825763
2021-09-27 00:00:00+05:30,0.0015433653312757279
2021-09-28 00:00:00+05:30,-0.004884836787945624
2021-09-29 00:00:00+05:30,0.010963084922008759
2021-09-30 00:00:00+05:30,-0.0007526463736749255
2021-10-01 00:00:00+05:30,0.00033500862848439227
2021-10-04 00:00:00+05:30,0.014031897361797085
2021-10-05 00:00:00+05:30,0.008809760796086372
2021-10-06 00:00:00+05:30,-0.017577438973087403
2021-10-07 00:00:00+05:30,0.024062008361556572
2021-10-08 00:00:00+05:30,0.012536171541174184
2021-10-11 00:00:00+05:30,0.025303390986268284
2021-10-12 00:00:00+05:30,0.018574801764442636
2021-10-13 00:00:00+05:30,0.04451673465192307
2021-10-14 00:00:00+05:30,0.013123404785133123
2021-10-18 00:00:00+05:30,0.016084223644498657
2021-10-19 00:00:00+05:30,-0.02328635360706151
2021-10-20 00:00:00+05:30,-0.0017487289508306865
2021-10-21 00:00:00+05:30,-0.009103010534518678
2021-10-22 00:00:00+05:30,-0.014198436086673373
2021-10-25 00:00:00+05:30,-0.00883019286739779
2021-10-26 00:00:00+05:30,0.02042158659017699
2021-10-27 00:00:00+05:30,0.008048102735492193
2021-10-28 00:00:00+05:30,-0.024762157466615732
2021-10-29 00:00:00+05:30,-0.004130881883323638
2021-11-01 00:00:00+05:30,0.016797370913401395
2021-11-02 00:00:00+05:30,0.009069850219919882
2021-11-03 00:00:00+05:30,0.004093732905785264
2021-11-04 00:00:00+05:30,0.008361230539185088
2021-11-08 00:00:00+05:30,0.00344403742232512
2021-11-09 00:00:00+05:30,0.011392954972965752
2021-11-10 00:00:00+05:30,0.003082572314631599
2021-11-11 00:00:00+05:30,-0.005050091598901159
2021-11-12 00:00:00+05:30,0.011646869029946463
2021-11-15 00:00:00+05:30,-0.0022414958005978333
2021-11-16 00:00:00+05:30,0.0016223546649341085
2021-11-17 00:00:00+05:30,0.0028128620003229077
2021-11-18 00:00:00+05:30,-0.007810156574620181
2021-11-22 00:00:00+05:30,-0.03239289405850717
2021-11-23 00:00:00+05:30,0.010988293405557455
2021-11-24 00:00:00+05:30,-0.00988187162826637
2021-11-25 00:00:00+05:30,0.0026003247097246707
2021-11-26 00:00:00+05:30,-0.038212028952531195
2021-11-29 00:00:00+05:30,-0.006912311345798386
2021-11-30 00:00:00+05:30,0.0017727793183119124
2021-12-01 00:00:00+05:30,0.01770241596461664
2021-12-02 00:00:00+05:30,0.00970686513935462
2021-12-03 00:00:00+05:30,-0.004168629085610788
2021-12-06 00:00:00+05:30,-0.021760438825292577
2021-12-07 00:00:00+05:30,0.017980245151648255
2021-12-08 00:00:00+05:30,0.023306768069643338
2021-12-09 00:00:00+05:30,9.471329289291908e-05
2021-12-10 00:00:00+05:30,0.009548246932031275
2021-12-13 00:00:00+05:30,-0.004490234728543088
2021-12-14 00:00:00+05:30,-0.00041369512714522594
2021-12-15 00:00:00+05:30,-0.00650252574499182
2021-12-16 00:00:00+05:30,0.00011391902533151258
2021-12-17 00:00:00+05:30,-0.015465032616440489
2021-12-20 00:00:00+05:30,-0.026132923910356834
2021-12-21 00:00:00+05:30,0.0031837648056057335
2021-12-22 00:00:00+05:30,0.019052336270628332
2021-12-23 00:00:00+05:30,0.009746191974919913
2021-12-24 00:00:00+05:30,-0.0055761580184834954
2021-12-27 00:00:00+05:30,0.003323488335784416
2021-12-28 00:00:00+05:30,0.013239669259214597
2021-12-29 00:00:00+05:30,-0.008439474633077357
2021-12-30 00:00:00+05:30,-0.0048096761219071065
2021-12-31 00:00:00+05:30,0.010479418007682343
2022-01-03 00:00:00+05:30,0.01506253406894269
2022-01-04 00:00:00+05:30,0.009363660603827486
2022-01-05 00:00:00+05:30,0.0007081121691521058
2022-01-06 00:00:00+05:30,-0.0032707419732709254
2022-01-07 00:00:00+05:30,0.004487438410100557
2022-01-10 00:00:00+05:30,0.01793516937158737
2022-01-11 00:00:00+05:30,-0.004436875547501838
2022-01-12 00:00:00+05:30,0.004627121012653921
2022-01-13 00:00:00+05:30,0.008644963745072988
2022-01-14 00:00:00+05:30,0.006298538360480959
2022-01-17 00:00:00+05:30,0.01441096238898953
2022-01-18 00:00:00+05:30,-0.012590665335572212
2022-01-19 00:00:00+05:30,0.005407325767479419
2022-01-20 00:00:00+05:30,-0.009097733047929874
2022-01-21 00:00:00+05:30,-0.022227542882491718
2022-01-24 00:00:00+05:30,-0.034407254241350896
2022-01-25 00:00:00+05:30,0.020842405397758418
2022-01-27 00:00:00+05:30,-0.0004424759142491793
2022-01-28 00:00:00+05:30,-0.0004648128337030803
2022-01-31 00:00:00+05:30,0.02236874027788671
2022-02-01 00:00:00+05:30,0.002159900135520202
2022-02-02 00:00:00+05:30,0.006522767934280484
2022-02-03 00:00:00+05:30,-0.008261707683668329
2022-02-04 00:00:00+05:30,-0.008775915558793116
2022-02-07 00:00:00+05:30,-0.008080811152901712
2022-02-08 00:00:00+05:30,-0.007789814684594991
2022-02-09 00:00:00+05:30,0.011704905249107155
2022-02-10 00:00:00+05:30,0.012251507725768104
2022-02-11 00:00:00+05:30,-0.020376401405619225
2022-02-14 00:00:00+05:30,-0.04022026768737205
2022-02-15 00:00:00+05:30,0.040975720067073285
2022-02-16 00:00:00+05:30,-0.005905177371455782
2022-02-17 00:00:00+05:30,2.8307538907867535e-05
2022-02-18 00:00:00+05:30,-0.007213861430498576
2022-02-21 00:00:00+05:30,-0.0024649861051576727
2022-02-22 00:00:00+05:30,-0.012035655351343303
2022-02-23 00:00:00+05:30,0.005545746832030639
2022-02-24 00:00:00+05:30,-0.052799784212146435
2022-02-25 00:00:00+05:30,0.0331423035630817
2022-02-28 00:00:00+05:30,0.013338538798803267
2022-03-02 00:00:00+05:30,-0.009983015129116852
2022-03-03 00:00:00+05:30,-0.006452891222239452
2022-03-04 00:00:00+05:30,-0.017960466364389287
2022-03-07 00:00:00+05:30,-0.0278854028645501
2022-03-08 00:00:00+05:30,0.012461776277314129
2022-03-09 00:00:00+05:30,0.01911756251079844
2022-03-10 00:00:00+05:30,0.02402017543937407
2022-03-11 00:00:00+05:30,0.0019361274921557304
2022-03-14 00:00:00+05:30,0.013206589113943932
2022-03-15 00:00:00+05:30,-0.004140282490139216
2022-03-16 00:00:00+05:30,0.02215565646995392
2022-03-17 00:00:00+05:30,0.003457129346423813
2022-03-21 00:00:00+05:30,-0.009351900851603345
2022-03-22 00:00:00+05:30,0.006861605816222885
2022-03-23 00:00:00+05:30,-0.004711956204173853
2022-03-24 00:00:00+05:30,-0.000990124688576031
2022-03-25 00:00:00+05:30,-0.000542636746847564
2022-03-28 00:00:00+05:30,3.2167504089346483e-06
2022-03-29 00:00:00+05:30,-0.0008051727177682414
2022-03-30 00:00:00+05:30,0.004362924184731521
2022-03-31 00:00:00+05:30,0.005868273498301375
2022-04-01 00:00:00+05:30,0.017952807467255066
2022-04-04 00:00:00+05:30,0.0069205133561253025
2022-04-05 00:00:00+05:30,0.005045222860956504
2022-04-06 00:00:00+05:30,0.0026257847585037077
2022-04-07 00:00:00+05:30,-0.004458440584826862
2022-04-08 00:00:00+05:30,0.005997963308371096
2022-04-11 00:00:00+05:30,-0.00416091103867944
2022-04-12 00:00:00+05:30,-0.015534124509569916
2022-04-13 00:00:00+05:30,0.0017533488891334152
2022-04-18 00:00:00+05:30,-0.021757555966902212
2022-04-19 00:00:00+05:30,-0.017580027880743664
2022-04-20 00:00:00+05:30,0.009650507319059693
2022-04-21 00:00:00+05:30,0.013721882555460498
2022-04-22 00:00:00+05:30,-0.018427826400968926
2022-04-25 00:00:00+05:30,-0.017164843735366756
2022-04-26 00:00:00+05:30,0.014672581593243465
2022-04-27 00:00:00+05:30,-0.009119442156199815
2022-04-28 00:00:00+05:30,0.012342021953982811
2022-04-29 00:00:00+05:30,-0.01520437583185579
2022-05-02 00:00:00+05:30,-0.00773895191384207
2022-05-04 00:00:00+05:30,-0.017120575520642837
2022-05-05 00:00:00+05:30,0.011178071487204561
2022-05-06 00:00:00+05:30,-0.02082176100606726
2022-05-09 00:00:00+05:30,-0.01098310946391648
2022-05-10 00:00:00+05:30,-0.013858450130747137
2022-05-11 00:00:00+05:30,-0.008042762537184955
2022-05-12 00:00:00+05:30,-0.024620031894375193
2022-05-13 00:00:00+05:30,0.0015371701738545595
2022-05-16 00:00:00+05:30,0.02307178141417412
2022-05-17 00:00:00+05:30,0.030052980245092526
2022-05-18 00:00:00+05:30,-0.0092934370709864
2022-05-19 00:00:00+05:30,-0.03037138612282253
2022-05-20 00:00:00+05:30,0.02642289341268164
2022-05-23 00:00:00+05:30,0.004199571567826535
2022-05-24 00:00:00+05:30,-0.004240276559139199
2022-05-25 00:00:00+05:30,-0.01857566756894035
2022-05-26 00:00:00+05:30,0.011404919452717988
2022-05-27 00:00:00+05:30,0.015485748170988238
2022-05-30 00:00:00+05:30,0.03087061024941882
2022-05-31 00:00:00+05:30,0.0036580602822524223
2022-06-01 00:00:00+05:30,-0.0034135420589855186
2022-06-02 00:00:00+05:30,0.005599590775799312
2022-06-03 00:00:00+05:30,-0.0065180677596481575
2022-06-06 00:00:00+05:30,-0.0020148939970581897
2022-06-07 00:00:00+05:30,-0.0033539720305086184
2022-06-08 00:00:00+05:30,-0.0020322672594962747
2022-06-09 00:00:00+05:30,0.002368943317613239
2022-06-10 00:00:00+05:30,-0.011170157889279275
2022-06-13 00:00:00+05:30,-0.033404225169736866
2022-06-14 00:00:00+05:30,0.0026640859711063005
2022-06-15 00:00:00+05:30,0.0015354901289096395
2022-06-16 00:00:00+05:30,-0.023352081519409245
2022-06-17 00:00:00+05:30,-0.006514895466682872
2022-06-20 00:00:00+05:30,-0.013449829312005088
2022-06-21 00:00:00+05:30,0.030111104835118703
2022-06-22 00:00:00+05:30,-0.009186450219524245
2022-06-23 00:00:00+05:30,0.01057129912979063
2022-06-24 00:00:00+05:30,0.0031502425694456084
2022-06-27 00:00:00+05:30,0.011812309195402668
2022-06-28 00:00:00+05:30,0.004293048259558078
2022-06-29 00:00:00+05:30,-0.008747372236331201
2022-06-30 00:00:00+05:30,-0.001974576013564367
2022-07-01 00:00:00+05:30,0.002961498147350659
2022-07-04 00:00:00+05:30,0.010683034917277722
2022-07-05 00:00:00+05:30,0.0022749422671887345
2022-07-06 00:00:00+05:30,0.013552831502200874
2022-07-07 00:00:00+05:30,0.012125764698640278
2022-07-08 00:00:00+05:30,0.010247244147213775
2022-07-11 00:00:00+05:30,-0.00444960242429584
2022-07-12 00:00:00+05:30,-0.013673852180676734
2022-07-13 00:00:00+05:30,0.002146576468472383
2022-07-14 00:00:00+05:30,-0.005830247652282603
2022-07-15 00:00:00+05:30,0.006928744428655071
2022-07-18 00:00:00+05:30,0.024056850501855572
2022-07-19 00:00:00+05:30,0.006016847760585526
2022-07-20 00:00:00+05:30,0.012213372949591204
2022-07-21 00:00:00+05:30,0.011547191805435831
2022-07-22 00:00:00+05:30,-0.00456947525446401
2022-07-25 00:00:00+05:30,0.002503716875407151
2022-07-26 00:00:00+05:30,-0.018328802234533887
2022-07-27 00:00:00+05:30,0.015199386946577286
2022-07-28 00:00:00+05:30,0.019782872596898315
2022-07-29 00:00:00+05:30,0.01082979499694705
2022-08-01 00:00:00+05:30,0.016992382281512206
2022-08-02 00:00:00+05:30,0.002485921014431741
2022-08-03 00:00:00+05:30,0.003923767109415654
2022-08-04 00:00:00+05:30,0.000619433159206771
2022-08-05 00:00:00+05:30,0.001992380467653565
2022-08-08 00:00:00+05:30,0.004660571201804214
2022-08-10 00:00:00+05:30,-0.002399775998508567
2022-08-11 00:00:00+05:30,0.013741409436222384
2022-08-12 00:00:00+05:30,0.0009300926984489319
2022-08-16 00:00:00+05:30,0.0064823500320628875
2022-08-17 00:00:00+05:30,0.002667590181745878
2022-08-18 00:00:00+05:30,0.0017834683655556026
2022-08-19 00:00:00+05:30,-0.014290452877469799
2022-08-22 00:00:00+05:30,-0.019966252797190182
2022-08-23 00:00:00+05:30,0.003979773683530518
2022-08-24 00:00:00+05:30,0.0003056998622311941
2022-08-25 00:00:00+05:30,-0.0006427966964919576
2022-08-26 00:00:00+05:30,0.011359225647816749
2022-08-29 00:00:00+05:30,-0.01626576781496987
2022-08-30 00:00:00+05:30,0.022193709128899165
2022-09-01 00:00:00+05:30,-0.0016077831381672652
2022-09-02 00:00:00+05:30,0.0010262767679924173
2022-09-05 00:00:00+05:30,0.0018057130722996355
2022-09-06 00:00:00+05:30,0.00026623954953884253
2022-09-07 00:00:00+05:30,-0.007540418004529266
2022-09-08 00:00:00+05:30,0.00815924987294264
2022-09-09 00:00:00+05:30,0.010629151198063206
2022-09-12 00:00:00+05:30,0.01612540158137693
2022-09-13 00:00:00+05:30,0.006709876116868125
2022-09-14 00:00:00+05:30,-0.006434736647487557
2022-09-15 00:00:00+05:30,-0.006539606707916433
2022-09-16 00:00:00+05:30,-0.03092088135792047
2022-09-19 00:00:00+05:30,0.004251145734663476
2022-09-20 00:00:00+05:30,0.0044712411266868675
2022-09-21 00:00:00+05:30,-0.008450426508026401
2022-09-22 00:00:00+05:30,0.004709574210446049
2022-09-23 00:00:00+05:30,-0.016927586373880026
2022-09-26 00:00:00+05:30,-0.017433340887147302
2022-09-27 00:00:00+05:30,-0.004203400403002153
2022-09-28 00:00:00+05:30,-0.0053699697012456245
2022-09-29 00:00:00+05:30,-0.0010714075310464624
2022-09-30 00:00:00+05:30,0.013997489897387928
2022-10-03 00:00:00+05:30,-0.01309700418216584
2022-10-04 00:00:00+05:30,0.023955109784243575
2022-10-06 00:00:00+05:30,0.011643398940066127
2022-10-07 00:00:00+05:30,-0.0033282915805421774
2022-10-10 00:00:00+05:30,-0.0025752887000376258
2022-10-11 00:00:00+05:30,-0.01654090671496601
2022-10-12 00:00:00+05:30,0.004816142794352897
2022-10-13 00:00:00+05:30,-0.009596506185077859
2022-10-14 00:00:00+05:30,0.009758945456399987
2022-10-17 00:00:00+05:30,0.010250280796974074
2022-10-18 00:00:00+05:30,0.020495768975450454
2022-10-19 00:00:00+05:30,-0.00966479737465465
2022-10-20 00:00:00+05:30,0.004806518031609641
2022-10-21 00:00:00+05:30,0.0001541448864753932
2022-10-24 00:00:00+05:30,0.009983318568734793
2022-10-25 00:00:00+05:30,0.010563808536070212
2022-10-27 00:00:00+05:30,0.005552521571909894
2022-10-28 00:00:00+05:30,-0.004966492871923625
2022-10-31 00:00:00+05:30,0.006889017366867112
2022-11-01 00:00:00+05:30,0.009836505851787702
2022-11-02 00:00:00+05:30,-0.007462524465782526
2022-11-03 00:00:00+05:30,0.0013525891668261705
2022-11-04 00:00:00+05:30,0.004410840514469366
2022-11-07 00:00:00+05:30,0.01247214070371871
2022-11-09 00:00:00+05:30,-0.0013584220982818629
2022-11-10 00:00:00+05:30,-0.015373533166477655
2022-11-11 00:00:00+05:30,0.014104896953496666
2022-11-14 00:00:00+05:30,0.0002206182224084221
2022-11-15 00:00:00+05:30,0.00629468391664555
2022-11-16 00:00:00+05:30,0.0030243823317498385
2022-11-17 00:00:00+05:30,-0.007386508269775684
2022-11-18 00:00:00+05:30,0.0004286169406663981
2022-11-21 00:00:00+05:30,-0.005553310308259679
2022-11-22 00:00:00+05:30,0.008948949315119241
2022-11-23 00:00:00+05:30,0.003289523722688203
2022-11-24 00:00:00+05:30,0.008492017588359168
2022-11-25 00:00:00+05:30,0.0031468931641048144
2022-11-28 00:00:00+05:30,0.001833500287686469
2022-11-29 00:00:00+05:30,0.0032119723958858653
2022-11-30 00:00:00+05:30,0.0024926780269590902
2022-12-01 00:00:00+05:30,0.005759310498358041
2022-12-02 00:00:00+05:30,-0.0026122155875571325
2022-12-05 00:00:00+05:30,0.0030914175978085574
2022-12-06 00:00:00+05:30,-0.0031922055243887477
2022-12-07 00:00:00+05:30,-0.004946215577696578
2022-12-08 00:00:00+05:30,0.0024752269940545653
2022-12-09 00:00:00+05:30,-0.012836663142247216
2022-12-12 00:00:00+05:30,-0.0035548800324363104
2022-12-13 00:00:00+05:30,0.010348257650595723
2022-12-14 00:00:00+05:30,0.00662270516169796
2022-12-15 00:00:00+05:30,-0.01317136509339686
2022-12-16 00:00:00+05:30,-0.016426000547879613
2022-12-19 00:00:00+05:30,0.0019312625396251232
2022-12-20 00:00:00+05:30,-0.0032047712483759244
2022-12-21 00:00:00+05:30,-0.01488673629414435
2022-12-22 00:00:00+05:30,-0.007802732831889175
2022-12-23 00:00:00+05:30,-0.030159269058787058
2022-12-26 00:00:00+05:30,0.026752568992491472
2022-12-27 00:00:00+05:30,0.010492689436274
2022-12-28 00:00:00+05:30,-0.0020757691441041577
2022-12-29 00:00:00+05:30,0.007181285272736024
2022-12-30 00:00:00+05:30,-0.0020590503568697436
2023-01-02 00:00:00+05:30,0.005642794009607251
2023-01-03 00:00:00+05:30,-0.0002827706703281256
2023-01-04 00:00:00+05:30,-0.018067002048770743
2023-01-05 00:00:00+05:30,-0.0026084851965129264
2023-01-06 00:00:00+05:30,-0.005909187761133728
2023-01-09 00:00:00+05:30,0.013242243613238157
2023-01-10 00:00:00+05:30,-0.002242478741578931
2023-01-11 00:00:00+05:30,3.6048155773602165e-05
2023-01-12 00:00:00+05:30,-0.001253215400789399
2023-01-13 00:00:00+05:30,0.005276793323897596
2023-01-16 00:00:00+05:30,0.0003716430757762022
2023-01-17 00:00:00+05:30,-0.0013747688705054075
2023-01-18 00:00:00+05:30,-0.0027625696887061376
2023-01-19 00:00:00+05:30,-0.00624586994440982
2023-01-20 00:00:00+05:30,-0.0008447721686661758
2023-01-23 00:00:00+05:30,0.0075153299280628074
2023-01-24 00:00:00+05:30,0.004381846669081602
2023-01-25 00:00:00+05:30,-0.016524073740811853
2023-01-27 00:00:00+05:30,-0.010794069932760886
2023-01-30 00:00:00+05:30,0.0021554533355741872
2023-01-31 00:00:00+05:30,0.01585135451345656
2023-02-01 00:00:00+05:30,-0.01784129995723479
2023-02-02 00:00:00+05:30,0.0035028350027320587
2023-02-03 00:00:00+05:30,0.008205440114577429
2023-02-06 00:00:00+05:30,-0.0016713888321448667
2023-02-07 00:00:00+05:30,-0.002107553386907895
2023-02-08 00:00:00+05:30,0.008705408631018458
2023-02-09 00:00:00+05:30,0.002707884274391652
2023-02-10 00:00:00+05:30,0.002627153683818117
2023-02-13 00:00:00+05:30,-0.01469444342782821
2023-02-14 00:00:00+05:30,0.005864918143566626
2023-02-15 00:00:00+05:30,0.006430898732903137
2023-02-16 00:00:00+05:30,0.007509381191883903
2023-02-17 00:00:00+05:30,-0.008742353074147571
2023-02-20 00:00:00+05:30,-0.002346162083189736
2023-02-21 00:00:00+05:30,-0.0023840305431829635
2023-02-22 00:00:00+05:30,-0.01519859431709803
2023-02-23 00:00:00+05:30,0.0007297932369386658
2023-02-24 00:00:00+05:30,-0.0008308800255629538
2023-02-27 00:00:00+05:30,-0.006905787743462671
2023-02-28 00:00:00+05:30,-0.004843578836554237
2023-03-01 00:00:00+05:30,0.016350020397120225
2023-03-02 00:00:00+05:30,-0.006171432658660384
2023-03-03 00:00:00+05:30,0.01697714136717739
2023-03-06 00:00:00+05:30,0.00927206199426203
2023-03-08 00:00:00+05:30,0.0030191090462842814
2023-03-09 00:00:00+05:30,-0.007897490605865703
2023-03-10 00:00:00+05:30,-0.008086584551700342
2023-03-13 00:00:00+05:30,-0.02464575859239925
2023-03-14 00:00:00+05:30,-0.007747781421584802
2023-03-15 00:00:00+05:30,-0.0039005884223416516
2023-03-16 00:00:00+05:30,0.00017497729269924742
2023-03-17 00:00:00+05:30,0.010433469041331266
2023-03-20 00:00:00+05:30,-0.014491323084016407
2023-03-21 00:00:00+05:30,0.0003323453592758937
2023-03-22 00:00:00+05:30,0.0008072186238243576
2023-03-23 00:00:00+05:30,-0.011520000045288558
2023-03-24 00:00:00+05:30,-0.003445814838124409
2023-03-27 00:00:00+05:30,-0.00026603374800797993
2023-03-28 00:00:00+05:30,-0.007519271828903451
2023-03-29 00:00:00+05:30,0.012914419871628937
2023-03-31 00:00:00+05:30,0.02089564592775487
2023-04-03 00:00:00+05:30,0.00406151126856941
2023-04-05 00:00:00+05:30,0.004232870987769977
2023-04-06 00:00:00+05:30,0.0023780884858485177
2023-04-10 00:00:00+05:30,0.009272095653236178
2023-04-11 00:00:00+05:30,0.0004952403620404368
2023-04-12 00:00:00+05:30,0.004312958238283643
2023-04-13 00:00:00+05:30,0.0012285447293650777
2023-04-17 00:00:00+05:30,-0.015695379661279645
2023-04-18 00:00:00+05:30,0.004023139276352025
2023-04-19 00:00:00+05:30,-0.011566872197493677
2023-04-20 00:00:00+05:30,0.0015957383194400573
2023-04-21 00:00:00+05:30,-0.0027490300548165363
2023-04-24 00:00:00+05:30,0.008723091025010574
2023-04-25 00:00:00+05:30,0.00310400992304322
2023-04-26 00:00:00+05:30,0.005611438157124804
2023-04-27 00:00:00+05:30,0.0058268011709693745
2023-04-28 00:00:00+05:30,0.012795148181435203
2023-05-02 00:00:00+05:30,0.004977585429380477
2023-05-03 00:00:00+05:30,0.0008265470539182522
2023-05-04 00:00:00+05:30,0.0030921707798572586
2023-05-05 00:00:00+05:30,-0.006479094693527436
2023-05-08 00:00:00+05:30,0.013231791401057345
2023-05-09 00:00:00+05:30,-0.0035556137682009594
2023-05-10 00:00:00+05:30,0.00194174312885801
2023-05-11 00:00:00+05:30,0.004374924419072992
2023-05-12 00:00:00+05:30,0.0007241261183100448
2023-05-15 00:00:00+05:30,0.004792994785277973
2023-05-16 00:00:00+05:30,0.002956114099739388
2023-05-17 00:00:00+05:30,-0.004253440473574099
2023-05-18 00:00:00+05:30,-0.010340148018324955
2023-05-19 00:00:00+05:30,0.00944653309464812
2023-05-22 00:00:00+05:30,0.006043352818610346
2023-05-23 00:00:00+05:30,0.0023541206337782277
2023-05-24 00:00:00+05:30,-0.0024594394397319717
2023-05-25 00:00:00+05:30,0.0017339049015026211
2023-05-26 00:00:00+05:30,0.008383310047668747
2023-05-29 00:00:00+05:30,0.004740682851689236
2023-05-30 00:00:00+05:30,0.004340282767980459
2023-05-31 00:00:00+05:30,-0.0005056594135301315
2023-06-01 00:00:00+05:30,0.005757802790253314
2023-06-02 00:00:00+05:30,0.005928420202204701
2023-06-05 00:00:00+05:30,0.0089424145759169
2023-06-06 00:00:00+05:30,-0.0002836487884054408
2023-06-07 00:00:00+05:30,0.01028041148194188
2023-06-08 00:00:00+05:30,-0.0030676844168067647
2023-06-09 00:00:00+05:30,0.0013281343811619674
2023-06-12 00:00:00+05:30,0.004824258926211953
2023-06-13 00:00:00+05:30,0.0020696135429027164
2023-06-14 00:00:00+05:30,0.00381897909704573
2023-06-15 00:00:00+05:30,-0.0023760944205941216
2023-06-16 00:00:00+05:30,0.013013437957470269
2023-06-19 00:00:00+05:30,-0.0034136013266852167
2023-06-20 00:00:00+05:30,0.00449555959687741
2023-06-21 00:00:00+05:30,-0.005112091255463888
2023-06-22 00:00:00+05:30,-0.012903235077274915
2023-06-23 00:00:00+05:30,-0.01523846201592648
2023-06-26 00:00:00+05:30,0.008668732502081571
2023-06-27 00:00:00+05:30,0.006478611615966978
2023-06-28 00:00:00+05:30,0.012320276637121076
2023-06-30 00:00:00+05:30,0.012336360680922906
2023-07-03 00:00:00+05:30,0.0027278217848374846
2023-07-04 00:00:00+05:30,0.0016184345973274243
2023-07-05 00:00:00+05:30,0.0015451021349718603
2023-07-06 00:00:00+05:30,0.006439466683965619
2023-07-07 00:00:00+05:30,0.00015423607666438
2023-07-10 00:00:00+05:30,-0.0013641427642032658
2023-07-11 00:00:00+05:30,0.01247936168570955
2023-07-12 00:00:00+05:30,-0.006084933313784914
2023-07-13 00:00:00+05:30,0.0026524644513184668
2023-07-14 00:00:00+05:30,0.012168638083648384
2023-07-17 00:00:00+05:30,0.0028121244461340672
2023-07-18 00:00:00+05:30,0.004708273517191727
2023-07-19 00:00:00+05:30,0.008484926874058125
2023-07-20 00:00:00+05:30,0.00011743221337211403
2023-07-21 00:00:00+05:30,-0.018509715193979558
2023-07-24 00:00:00+05:30,0.0049076197128727055
2023-07-25 00:00:00+05:30,-0.0036134274227362425
2023-07-26 00:00:00+05:30,0.007761612343282921
2023-07-27 00:00:00+05:30,0.0016274870409391674
2023-07-28 00:00:00+05:30,0.0021117126936211084
2023-07-31 00:00:00+05:30,0.00911239084771295
2023-08-01 00:00:00+05:30,-0.0008079053020160409
2023-08-02 00:00:00+05:30,-0.01836389166590677
2023-08-03 00:00:00+05:30,-0.0010034778618595941
2023-08-04 00:00:00+05:30,-0.006051625056012278
2023-08-07 00:00:00+05:30,-0.0009601638142108519
2023-08-08 00:00:00+05:30,0.002712913883900605
2023-08-09 00:00:00+05:30,0.004074425715066045
2023-08-10 00:00:00+05:30,-0.005539952060695687
2023-08-11 00:00:00+05:30,-0.004117608812321043
2023-08-14 00:00:00+05:30,-0.002745774725584141
2023-08-16 00:00:00+05:30,0.009738310471412088
2023-08-17 00:00:00+05:30,-0.0013635113852039945
2023-08-18 00:00:00+05:30,-0.005815201509699783
2023-08-21 00:00:00+05:30,0.006391783321081404
2023-08-22 00:00:00+05:30,0.0033199209925489463
2023-08-23 00:00:00+05:30,0.008291495729467068
2023-08-24 00:00:00+05:30,0.001367689128849504
2023-08-25 00:00:00+05:30,-0.008559872788062937
2023-08-28 00:00:00+05:30,0.0019471464424378985
2023-08-29 00:00:00+05:30,0.004538430435687754
2023-08-30 00:00:00+05:30,0.0020763979591986574
2023-08-31 00:00:00+05:30,-0.004858906971785261
2023-09-01 00:00:00+05:30,0.011881362941871573
2023-09-04 00:00:00+05:30,0.008918694115183205
2023-09-05 00:00:00+05:30,0.005310324835907857
2023-09-06 00:00:00+05:30,4.428892392862514e-05
2023-09-07 00:00:00+05:30,0.004078041264672072
2023-09-08 00:00:00+05:30,0.007988101596037526
2023-09-11 00:00:00+05:30,0.006597022367575767
2023-09-12 00:00:00+05:30,-0.011348471677552256
2023-09-13 00:00:00+05:30,0.008473251413842217
2023-09-14 00:00:00+05:30,0.0027435028516084514
2023-09-15 00:00:00+05:30,0.002828952688615831
2023-09-18 00:00:00+05:30,0.0029227371131659067
2023-09-20 00:00:00+05:30,-0.004429699669329113
2023-09-21 00:00:00+05:30,-0.011249729857726334
2023-09-22 00:00:00+05:30,0.0012642274149426886
2023-09-25 00:00:00+05:30,-0.007301186858988275
2023-09-26 00:00:00+05:30,-0.0020661770968140422
2023-09-27 00:00:00+05:30,0.001110551507613825
2023-09-28 00:00:00+05:30,-0.009066149021775348
2023-09-29 00:00:00+05:30,0.010409014621433616
2023-10-03 00:00:00+05:30,0.0023567349067437297
2023-10-04 00:00:00+05:30,-0.006619888931809242
2023-10-05 00:00:00+05:30,0.008084108978941764
2023-10-06 00:00:00+05:30,0.005101881712619599
2023-10-09 00:00:00+05:30,-0.01241250033240424
2023-10-10 00:00:00+05:30,0.013006974547707948
2023-10-11 00:00:00+05:30,0.003391595030820488
2023-10-12 00:00:00+05:30,-0.0034854991071702522
2023-10-13 00:00:00+05:30,-0.0016960239857020526
2023-10-16 00:00:00+05:30,-0.002436827793930478
2023-10-17 00:00:00+05:30,-0.000558256955880093
2023-10-18 00:00:00+05:30,-0.0031549046907911804
2023-10-19 00:00:00+05:30,-0.004154458460191577
2023-10-20 00:00:00+05:30,-0.01052921283260546
2023-10-23 00:00:00+05:30,-0.021698177476967662
2023-10-25 00:00:00+05:30,-0.004975648255106612
2023-10-26 00:00:00+05:30,-0.012331790911711823
2023-10-27 00:00:00+05:30,0.016343793591874052
2023-10-30 00:00:00+05:30,-0.0029516466253642665
2023-10-31 00:00:00+05:30,0.0012084831901929196
2023-11-01 00:00:00+05:30,-0.004843630543952622
2023-11-02 00:00:00+05:30,0.013511433914883821
2023-11-03 00:00:00+05:30,0.011230970361228837
2023-11-06 00:00:00+05:30,0.003739233649932623
2023-11-07 00:00:00+05:30,0.007189834442582429
2023-11-08 00:00:00+05:30,0.003417254178190037
2023-11-09 00:00:00+05:30,-0.003932814831866065
2023-11-10 00:00:00+05:30,0.0036441149116482417
2023-11-13 00:00:00+05:30,0.00453327083932769
2023-11-15 00:00:00+05:30,0.014195140640961224
2023-11-16 00:00:00+05:30,0.010709609993657658
2023-11-17 00:00:00+05:30,-0.008600862727040045
2023-11-20 00:00:00+05:30,-0.0009635159552642765
2023-11-21 00:00:00+05:30,0.001018008357555841
2023-11-22 00:00:00+05:30,-0.0008267261861261504
2023-11-23 00:00:00+05:30,0.00044131317699266383
2023-11-24 00:00:00+05:30,0.0015301742737487754
2023-11-28 00:00:00+05:30,0.013515457643292287
2023-11-29 00:00:00+05:30,0.009166416182013228
2023-11-30 00:00:00+05:30,0.0017150348718075433
2023-12-01 00:00:00+05:30,0.008143783763406883
2023-12-04 00:00:00+05:30,0.01556072671235649
2023-12-05 00:00:00+05:30,0.008321113634913287
2023-12-06 00:00:00+05:30,0.016827778043982337
2023-12-07 00:00:00+05:30,0.005419529706058384
2023-12-08 00:00:00+05:30,0.003298761910346103
2023-12-11 00:00:00+05:30,0.005602986468843378
2023-12-12 00:00:00+05:30,-0.005606910465179901
2023-12-13 00:00:00+05:30,0.001195244070117743
2023-12-14 00:00:00+05:30,0.011200430597903092
2023-12-15 00:00:00+05:30,0.024178351635818923
2023-12-18 00:00:00+05:30,0.0005299543584641373
2023-12-19 00:00:00+05:30,-3.574643848383574e-05
2023-12-20 00:00:00+05:30,-0.02722073827744994
2023-12-21 00:00:00+05:30,0.00817082248895162
2023-12-22 00:00:00+05:30,0.004928178195606821
2023-12-26 00:00:00+05:30,0.001668019910264921
2023-12-27 00:00:00+05:30,0.01201099653765402
2023-12-28 00:00:00+05:30,0.00397469325590663
2023-12-29 00:00:00+05:30,0.0001369703440949623
2024-01-01 00:00:00+05:30,0.002348952454726109
2024-01-02 00:00:00+05:30,-0.0049766123340742735
2024-01-03 00:00:00+05:30,-0.006748180543347749
2024-01-04 00:00:00+05:30,0.00825131999574731
2024-01-05 00:00:00+05:30,0.004113340018514887
2024-01-08 00:00:00+05:30,-0.010676220010249472
2024-01-09 00:00:00+05:30,0.0005789638428300437
2024-01-10 00:00:00+05:30,-0.0002537459150075648
2024-01-11 00:00:00+05:30,-0.007994259253869963
2024-01-12 00:00:00+05:30,0.0263923791789274
2024-01-15 00:00:00+05:30,0.011388971684201957
2024-01-16 00:00:00+05:30,-0.003272949502379779
2024-01-17 00:00:00+05:30,-0.008871032511460536
2024-01-18 00:00:00+05:30,0.0013736163268760065
2024-01-19 00:00:00+05:30,0.004988458790674454
2024-01-23 00:00:00+05:30,-0.023424498559802165
2024-01-24 00:00:00+05:30,0.02265030389480822
2024-01-25 00:00:00+05:30,-0.004124560812721321
2024-01-29 00:00:00+05:30,0.01189539113258707
2024-01-30 00:00:00+05:30,0.002849355807716769
2024-01-31 00:00:00+05:30,0.015678462924003864
2024-02-01 00:00:00+05:30,0.0005410040680453851
2024-02-02 00:00:00+05:30,0.006113942363320623
2024-02-05 00:00:00+05:30,0.00460333401145187
2024-02-06 00:00:00+05:30,0.013768972532803684
2024-02-07 00:00:00+05:30,0.004669896726069197
2024-02-08 00:00:00+05:30,0.011867044074176616
2024-02-09 00:00:00+05:30,-0.0024930076739724666
2024-02-12 00:00:00+05:30,-0.015972406432146972
2024-02-13 00:00:00+05:30,0.0058860334388874235
2024-02-14 00:00:00+05:30,0.01327709218389492
2024-02-15 00:00:00+05:30,0.012061644596521471
2024-02-16 00:00:00+05:30,0.008628323721921908
2024-02-19 00:00:00+05:30,-0.0003189536001294733
2024-02-20 00:00:00+05:30,-0.0014672824241888024
2024-02-21 00:00:00+05:30,-0.0023221452283196456
2024-02-22 00:00:00+05:30,0.006972929984575526
2024-02-23 00:00:00+05:30,-0.0002829569335006908
2024-02-26 00:00:00+05:30,-0.0029944652277232677
2024-02-27 00:00:00+05:30,0.0018921909116316718
2024-02-28 00:00:00+05:30,-0.00574966709232503
2024-02-29 00:00:00+05:30,0.005184997814643726
2024-03-01 00:00:00+05:30,0.011104008824539763
2024-03-04 00:00:00+05:30,0.0006544069203680302
2024-03-05 00:00:00+05:30,0.005530286899795748
2024-03-06 00:00:00+05:30,0.0031754587945771865
2024-03-07 00:00:00+05:30,0.011687745020719943
2024-03-11 00:00:00+05:30,-0.006055992765694648
2024-03-12 00:00:00+05:30,-0.009874026961386829
2024-03-13 00:00:00+05:30,-0.02510964270263392
2024-03-14 00:00:00+05:30,0.013621465029919903
2024-03-15 00:00:00+05:30,-0.011520093680487925
2024-03-18 00:00:00+05:30,0.0021099913139107224
2024-03-19 00:00:00+05:30,-0.015981844004016022
2024-03-20 00:00:00+05:30,-0.002062616808604321
2024-03-21 00:00:00+05:30,0.01828747549512652
2024-03-22 00:00:00+05:30,0.0017720360577960998
2024-03-26 00:00:00+05:30,0.00651334674787451
2024-03-27 00:00:00+05:30,-0.006964908064149471
2024-03-28 00:00:00+05:30,0.01643200970860631
2024-04-01 00:00:00+05:30,0.006271915363454383
2024-04-02 00:00:00+05:30,0.004717692683468052
2024-04-03 00:00:00+05:30,0.00679696987689586
2024-04-04 00:00:00+05:30,0.000917906818578866
2024-04-05 00:00:00+05:30,0.0013719507504674603
2024-04-08 00:00:00+05:30,0.0029792712073704623
2024-04-09 00:00:00+05:30,0.0019383466175325942
2024-04-10 00:00:00+05:30,0.008892308535300297
2024-04-12 00:00:00+05:30,-0.005100224316326854
2024-04-15 00:00:00+05:30,-0.013576330770299929
2024-04-16 00:00:00+05:30,-0.010139377924610497
2024-04-18 00:00:00+05:30,-0.006025724197263868
2024-04-19 00:00:00+05:30,0.0017467024922808805
2024-04-22 00:00:00+05:30,0.015047320487531874
2024-04-23 00:00:00+05:30,0.008155581095369407
2024-04-24 00:00:00+05:30,0.0034896976490494573
2024-04-25 00:00:00+05:30,0.013775884405728784
2024-04-26 00:00:00+05:30,-0.0057182949493914835
2024-04-29 00:00:00+05:30,0.011997138229682597
2024-04-30 00:00:00+05:30,-0.0005923263881255202
2024-05-02 00:00:00+05:30,0.003828144849296336
2024-05-03 00:00:00+05:30,-0.00268577335083382
2024-05-06 00:00:00+05:30,-0.008821254177983634
2024-05-07 00:00:00+05:30,-0.007032710919482911
2024-05-08 00:00:00+05:30,0.009088209293639174
2024-05-09 00:00:00+05:30,0.003282878935309
2024-05-10 00:00:00+05:30,0.002738811042756962
2024-05-13 00:00:00+05:30,-0.013679988070308534
2024-05-14 00:00:00+05:30,0.008869057349013417
2024-05-15 00:00:00+05:30,0.0024629986159179183
2024-05-16 00:00:00+05:30,0.013457357924921864
2024-05-17 00:00:00+05:30,0.0002660912836685461
2024-05-21 00:00:00+05:30,0.012485355956984275
2024-05-22 00:00:00+05:30,0.008170604701550817
2024-05-23 00:00:00+05:30,0.009621333572641609
2024-05-24 00:00:00+05:30,-0.00018420054614113755
2024-05-27 00:00:00+05:30,0.0007630816731055308
2024-05-28 00:00:00+05:30,-0.009795380210941486
2024-05-29 00:00:00+05:30,-0.005658514694108688
2024-05-30 00:00:00+05:30,-0.010432456118878223
2024-05-31 00:00:00+05:30,-0.0030691551286425854
2024-06-03 00:00:00+05:30,0.0384919113753391
2024-06-04 00:00:00+05:30,-0.06881015227608292
2024-06-05 00:00:00+05:30,0.030538005839590748
2024-06-06 00:00:00+05:30,0.021332820997172482
2024-06-07 00:00:00+05:30,0.024509386364922996
2024-06-10 00:00:00+05:30,-0.0007537929270961504
2024-06-11 00:00:00+05:30,0.00244833610013813
2024-06-12 00:00:00+05:30,-0.0017710348172548854
2024-06-13 00:00:00+05:30,0.006761471087086989
2024-06-14 00:00:00+05:30,0.0031587038767376106
2024-06-18 00:00:00+05:30,0.016674046286564624
2024-06-19 00:00:00+05:30,-0.004685575844928463
2024-06-20 00:00:00+05:30,-0.0031228221049817767
2024-06-21 00:00:00+05:30,-0.004870957406435543
2024-06-24 00:00:00+05:30,0.0013140583172062716
2024-06-25 00:00:00+05:30,0.0038165710976004728
2024-06-26 00:00:00+05:30,-0.0004911498701773147
2024-06-27 00:00:00+05:30,0.008175388206349839
2024-06-28 00:00:00+05:30,-0.0013449281852628409
2024-07-01 00:00:00+05:30,0.005611534362407002
2024-07-02 00:00:00+05:30,-0.004337518466042026
2024-07-03 00:00:00+05:30,0.00850610664449071
2024-07-04 00:00:00+05:30,0.006807233681627464
2024-07-05 00:00:00+05:30,0.007788506355744009
2024-07-08 00:00:00+05:30,0.0016465563550238293
2024-07-09 00:00:00+05:30,0.0017132432293346734
2024-07-10 00:00:00+05:30,-0.006212989858908403
2024-07-11 00:00:00+05:30,0.009062061465055922
2024-07-12 00:00:00+05:30,0.009310342509263603
2024-07-15 00:00:00+05:30,0.011025885844345253
2024-07-16 00:00:00+05:30,-0.0010239109091903474
2024-07-18 00:00:00+05:30,0.004174254038915914
2024-07-19 00:00:00+05:30,-0.011721030037932274
2024-07-22 00:00:00+05:30,0.0063200119554161875
2024-07-23 00:00:00+05:30,-0.004317680189960753
2024-07-24 00:00:00+05:30,0.006540848147926678
2024-07-25 00:00:00+05:30,0.007189693028972797
